word,antonym
abandon,adopt
abandon,defend
abandon,occupy
abandon,seek
abandon,advocate
abandon,favor
abandon,prosecute
abandon,support
abandon,assert
abandon,haunt
abandon,protect
abandon,undertake
abandon,cherish
abandon,hold
abandon,pursue
abandon,uphold
abandon,claim
abandon,keep
abandon,retain
abandon,vindicate
abandon,court
abandon,maintain
abase,advance
abase,elevate
abase,honor
abase,raise
abase,aggrandize
abase,exalt
abase,promote
abase,uplift
abase,dignify
abash,animate
abash,cheer
abash,encourage
abash,rally
abash,buoy
abash,embolden
abash,inspirit
abash,uphold
abate,aggravate
abate,enhance
abate,foment
abate,rage
abate,amplify
abate,enlarge
abate,increase
abate,raise
abate,continue
abate,extend
abate,magnify
abate,revive
abate,develop
abet,baffle
abet,deter
abet,dissuade
abet,hinder
abet,confound
abet,disapprove
abet,expose
abet,impede
abet,counteract
abet,disconcert
abet,frustrate
abet,obstruct
abet,denounce
abet,discourage
abhor,admire
abhor,crave
abhor,esteem
abhor,love
abhor,approve
abhor,desire
abhor,like
abhor,relish
abhor,covet
abhor,enjoy
abide,abandon
abide,forfeit
abide,migrate
abide,reject
abide,avoid
abide,forfend
abide,move
abide,resist
abide,depart
abide,journey
abide,proceed
abide,shun
abolish,authorize
abolish,establish
abolish,reinstate
abolish,revive
abolish,cherish
abolish,institute
abolish,renew
abolish,set up
abolish,confirm
abolish,introduce
abolish,repair
abolish,support
abolish,continue
abolish,legalize
abolish,restore
abolish,sustain
abolish,enact
abolish,promote
abomination,affection
abomination,blessing
abomination,enjoyment
abomination,joy
abomination,appreciation
abomination,delight
abomination,esteem
abomination,satisfaction
abomination,approval
abomination,desire
abomination,gratification
abomination,treat
abomination,benefit
absolute,accountable
absolute,constitutional
absolute,gentle
absolute,lowly
absolute,responsible
absolute,complaisant
absolute,contingent
absolute,humble
absolute,meek
absolute,submissive
absolute,compliant
absolute,docile
absolute,lenient
absolute,mild
absolute,yielding
absolute,conditional
absolute,ductile
absolute,limited
absolve,accuse
absolve,charge
absolve,condemn
absolve,impeach
absolve,obligate
absolve,bind
absolve,compel
absolve,convict
absolve,inculpate
absolve,oblige
absorb,cast out
absorb,dissipate
absorb,emit
absorb,put forth
absorb,shoot forth
absorb,disgorge
absorb,distract
absorb,exude
absorb,radiate
absorb,throw off
absorb,disperse
absorb,eject
absorb,give up
absorb,send out
absorb,vomit
abstinence,drunkenness
abstinence,greed
abstinence,reveling
abstinence,sensuality
abstinence,excess
abstinence,intemperance
abstinence,revelry
abstinence,wantonness
abstinence,gluttony
abstinence,intoxication
abstinence,self-indulgence
abstract,add
abstract,complete
abstract,fill up
abstract,restore
abstract,unite
abstract,combine
abstract,conjoin
abstract,increase
abstract,strengthen
abstracted,alert
abstracted,on hand
abstracted,ready
abstracted,wide-awake
abstracted,attentive
abstracted,prompt
abstracted,thoughtful
absurd,certain
absurd,incontrovertible
absurd,rational
absurd,substantial
absurd,consistent
absurd,indisputable
absurd,reasonable
absurd,true
absurd,demonstrable
absurd,indubitable
absurd,sagacious
absurd,undeniable
absurd,demonstrated
absurd,infallible
absurd,sensible
absurd,unquestionable
absurd,established
absurd,logical
absurd,sound
absurd,wise
absurd,incontestable
abuse,applaud
abuse,conserve
abuse,favor
abuse,protect
abuse,sustain
abuse,benefit
abuse,consider
abuse,laud
abuse,regard
abuse,tend
abuse,care for
abuse,eulogize
abuse,panegyrize
abuse,respect
abuse,uphold
abuse,cherish
abuse,extol
abuse,praise
abuse,shield
abuse,vindicate
accessory,adversary
accessory,chief
accessory,foe
accessory,leader
accessory,principal
accessory,antagonist
accessory,commander
accessory,hinderer
accessory,opponent
accessory,rival
accessory,betrayer
accessory,enemy
accessory,instigator
accessory,opposer
accident,appointment
accident,decree
accident,intention
accident,ordainment
accident,preparation
accident,calculation
accident,fate
accident,law
accident,ordinance
accident,provision
accident,certainty
accident,foreordination
accident,necessity
accident,plan
accident,purpose
acquaintance,ignorance
acquaintance,ignoring
acquaintance,inexperience
acquaintance,unfamiliarity
acrimony,amiability
acrimony,gentleness
acrimony,kindness
acrimony,smoothness
acrimony,courtesy
acrimony,good nature
acrimony,mildness
acrimony,sweetness
act,cessation
act,immobility
act,inertia
act,quiet
act,suffering
act,deliberation
act,inaction
act,passion
act,[A]repose
act,suspension
act,endurance
act,inactivity
act,quiescence
act,rest
act,[A] In philosophic sense
active,dull
active,inactive
active,lazy
active,slow
active,heavy
active,indolent
active,quiescent
active,sluggish
active,idle
active,inert
active,quiet
active,stupid
acumen,bluntness
acumen,dulness
acumen,obtuseness
acumen,stupidity
add,abstract
add,diminish
add,lessen
add,remove
add,withdraw
add,deduct
add,dissever
add,reduce
add,subtract
addicted,averse
addicted,disinclined
addicted,indisposed
addicted,unaccustomed
address,avoid
address,elude
address,overlook
address,pass by
address,cut
address,ignore
address,pass
address,shun
address,awkwardness
address,clumsiness
address,ill-breeding
address,stupidity
address,boorishness
address,fatuity
address,ill manners
address,unmannerliness
address,clownishness
address,folly
address,rudeness
address,unwisdom
adequate,disqualified
adequate,inferior
adequate,unequal
adequate,unsatisfactory
adequate,useless
adequate,inadequate
adequate,insufficient
adequate,unfit
adequate,unsuitable
adequate,worthless
adequate,incompetent
adequate,poor
adequate,unqualified
adherent,adversary
adherent,betrayer
adherent,enemy
adherent,opponent
adherent,traitor
adherent,antagonist
adherent,deserter
adherent,hater
adherent,renegade
adhesive,free
adhesive,inadhesive
adhesive,loose
adhesive,separable
adjacent,detached
adjacent,disconnected
adjacent,disjoined
adjacent,distant
adjacent,remote
adjacent,separate
admire,abhor
admire,contemn
admire,detest
admire,execrate
admire,ridicule
admire,abominate
admire,despise
admire,dislike
admire,hate
admire,scorn
adorn,deface
adorn,deform
adorn,disfigure
adorn,mar
adorn,spoil
affront,conciliate
affront,content
affront,gratify
affront,honor
affront,please
agent,chief
agent,inventor
agent,originator
agent,principal
agree,contend
agree,demur
agree,disagree
agree,oppose
agree,contradict
agree,deny
agree,dispute
agree,protest
agree,decline
agree,differ
agree,dissent
agree,refuse
aim,aimlessness
aim,heedlessness
aim,negligence
aim,purposelessness
aim,avoidance
aim,neglect
aim,oversight
aim,thoughtlessness
aim,carelessness
airy,clumsy
airy,heavy
airy,ponderous
airy,sluggish
airy,wooden
airy,dull
airy,inert
airy,slow
airy,stony
alarm,assurance
alarm,calmness
alarm,confidence
alarm,repose
alarm,security
alert,drowsy
alert,dull
alert,heavy
alert,inactive
alert,slow
alert,sluggish
alert,stupid
alien,akin
alien,apropos
alien,germane
alien,proper
alien,appropriate
alien,essential
alien,pertinent
alien,relevant
alien,citizen
alien,fellow-countryman
alien,native-born inhabitant
alien,countryman
alien,native
alien,naturalized person
alike,different
alike,dissimilar
alike,distinct
alike,heterogeneous
alike,unlike
alive,dead
alive,defunct
alive,dull
alive,lifeless
alive,deceased
alive,dispirited
alive,inanimate
alive,spiritless
allay,agitate
allay,excite
allay,kindle
allay,rouse
allay,stir up
allay,arouse
allay,fan
allay,provoke
allay,stir
allegiance,disaffection
allegiance,disloyalty
allegiance,rebellion
allegiance,sedition
allegiance,treason
allegory,chronicle
allegory,fact
allegory,history
allegory,narrative
allegory,record
alleviate,aggravate
alleviate,embitter
alleviate,heighten
alleviate,intensify
alleviate,make worse
alleviate,augment
alleviate,enhance
alleviate,increase
alleviate,magnify
alliance,antagonism
alliance,disunion
alliance,enmity
alliance,schism
alliance,separation
alliance,discord
alliance,divorce
alliance,hostility
alliance,secession
alliance,war
allot,appropriate
allot,deny
allot,resume
allot,seize
allot,confiscate
allot,refuse
allot,retain
allot,withhold
allow,deny
allow,disapprove
allow,protest
allow,reject
allow,withstand
allow,disallow
allow,forbid
allow,refuse
allow,resist
allow,See also synonyms for PROHIBIT
allure,chill
allure,damp
allure,deter
allure,dissuade
allure,drive away
allure,repel
allure,warn
also,but
also,nevertheless
also,on the contrary
also,yet
also,in spite of
also,notwithstanding
also,on the other hand
alternative,compulsion
alternative,necessity
amass,disperse
amass,divide
amass,portion
amass,spend
amass,waste
amass,dissipate
amass,parcel
amass,scatter
amass,squander
amazement,anticipation
amazement,composure
amazement,expectation
amazement,preparation
amazement,steadiness
amazement,calmness
amazement,coolness
amazement,indifference
amazement,self-possession
amazement,stoicism
ambition,carelessness
ambition,contentment
ambition,humility
ambition,indifference
ambition,satisfaction
amend,aggravate
amend,debase
amend,harm
amend,mar
amend,tarnish
amend,blemish
amend,depress
amend,impair
amend,spoil
amend,vitiate
amend,corrupt
amend,deteriorate
amend,injure
amiable,acrimonious
amiable,crusty
amiable,hateful
amiable,ill-tempered
amiable,surly
amiable,churlish
amiable,disagreeable
amiable,ill-conditioned
amiable,morose
amiable,unamiable
amiable,crabbed
amiable,dogged
amiable,ill-humored
amiable,sour
amiable,unlovely
amiable,cruel
amiable,gruff
amiable,ill-natured
amiable,sullen
amid,afar from
amid,away from
amid,beyond
amid,far from
amid,outside
amid,without
amplify,abbreviate
amplify,amputate
amplify,condense
amplify,cut down
amplify,reduce
amplify,summarize
amplify,abridge
amplify,"""boil down"
amplify,"""curtail"
amplify,epitomize
amplify,retrench
amplify,sum up
analogy,disagreement
analogy,disproportion
analogy,dissimilarity
analogy,incongruity
analogy,unlikeness
anger,amiability
anger,leniency
anger,mildness
anger,peacefulness
anger,charity
anger,lenity
anger,patience
anger,self-control
anger,forbearance
anger,long-suffering
anger,peace
anger,self-restraint
anger,gentleness
anger,love
anger,peaceableness
animal,angel
animal,man
animal,mind
animal,soul
animal,substance (material)
animal,inanimate object
animal,matter
animal,mineral
animal,spirit
animal,vegetable
announce,bury
announce,cover (up)
announce,hush
announce,keep secret
announce,suppress
announce,conceal
announce,hide
announce,keep back
announce,secrete
announce,withhold
anticipate,despair of
anticipate,doubt
anticipate,dread
anticipate,fear
anticipate,recall
anticipate,recollect
anticipate,remember
anticipate,distrust
anticipation,astonishment
anticipation,despair
anticipation,dread
anticipation,fear
anticipation,surprise
anticipation,consummation
anticipation,doubt
anticipation,enjoyment
anticipation,realization
anticipation,wonder
antipathy,affinity
antipathy,attraction
antipathy,fellow-feeling
antipathy,kindliness
antipathy,sympathy
antipathy,agreement
antipathy,congeniality
antipathy,harmony
antipathy,regard
antique,fashionable
antique,fresh
antique,modern
antique,modish
antique,new
antique,recent
antique,stylish
anxiety,apathy
anxiety,calmness
anxiety,confidence
anxiety,light-heartedness
anxiety,satisfaction
anxiety,assurance
anxiety,carelessness
anxiety,ease
anxiety,nonchalance
anxiety,tranquillity
apathy,agitation
apathy,disturbance
apathy,feeling
apathy,sensibility
apathy,sympathy
apathy,alarm
apathy,eagerness
apathy,frenzy
apathy,sensitiveness
apathy,turbulence
apathy,anxiety
apathy,emotion
apathy,fury
apathy,storm
apathy,vehemence
apathy,care
apathy,excitement
apathy,passion
apathy,susceptibility
apathy,violence
apathy,distress
apiece,accumulatively
apiece,confusedly
apiece,indiscriminately
apiece,together
apiece,unitedly
apiece,collectively
apiece,_en masse_
apiece,synthetically
apology,accusation
apology,charge
apology,condemnation
apology,injury
apology,offense
apology,censure
apology,complaint
apology,imputation
apology,insult
apology,wrong
apparent,doubtful
apparent,dubious
apparent,improbable
apparent,unimaginable
apparent,unlikely
appear,be
appear,be certain
appear,real
appear,_or_ true
appear,be the fact
appear,exist
appendage,main body
appendage,original
appendage,total
appendage,whole
appetite,antipathy
appetite,disgust
appetite,distaste
appetite,indifference
appetite,repugnance
appetite,aversion
appetite,dislike
appetite,hatred
appetite,loathing
appetite,repulsion
appetite,detestation
appetite,disrelish
appetite,Compare ANTIPATHY
apportion,cling to
apportion,consolidate
apportion,gather together
apportion,receive
apportion,collect
apportion,divide arbitrarily
apportion,keep together
apportion,retain
approximation,difference
approximation,distance
approximation,error
approximation,remoteness
approximation,unlikeness
approximation,variation
arraign,acquit
arraign,discharge
arraign,exonerate
arraign,overlook
arraign,release
arraign,condone
arraign,excuse
arraign,forgive
arraign,pardon
arraign,set free
arrest,discharge
arrest,dismiss
arrest,free
arrest,liberate
arrest,release
arrest,set free
artifice,artlessness
artifice,frankness
artifice,ingenuousness
artifice,openness
artifice,sincerity
artifice,candor
artifice,guilelessness
artifice,innocence
artifice,simplicity
artifice,truth
artifice,fairness
artifice,honesty
ask,claim
ask,deny
ask,enforce
ask,exact
ask,extort
ask,insist
ask,refuse
ask,reject
ask,command
associate,antagonist
associate,foe
associate,hinderer
associate,opponent
associate,opposer
associate,rival
associate,stranger
associate,enemy
association,disintegration
association,independence
association,isolation
association,separation
association,solitude
assurance,bashfulness
assurance,consternation
assurance,distrust
assurance,hesitancy
assurance,shyness
assurance,confusion
assurance,dismay
assurance,doubt
assurance,misgiving
assurance,timidity
astute,blind
astute,idiotic
astute,shallow
astute,stolid
astute,undiscerning
astute,dull
astute,imbecile
astute,short-sighted
astute,stupid
astute,unintelligent
attachment,alienation
attachment,aversion
attachment,distance
attachment,estrangement
attachment,repugnance
attachment,animosity
attachment,coolness
attachment,divorce
attachment,indifference
attachment,separation
attachment,antipathy
attachment,dislike
attachment,enmity
attachment,opposition
attachment,severance
attack,aid
attack,cover
attack,protect
attack,shelter
attack,support
attack,uphold
attack,befriend
attack,defend
attack,resist
attack,shield
attack,sustain
attack,withstand
attack,defense
attack,repulsion
attack,resistance
attack,retreat
attack,submission
attack,surrender
attain,abandon
attain,fail
attain,forfeit
attain,give up
attain,let go
attain,lose
attain,miss
attribute,deny
attribute,disconnect
attribute,dissociate
attribute,separate
attribute,sever
attribute,sunder
attribute,being
attribute,essence
attribute,nature
attribute,substance
augur,assure
augur,demonstrate
augur,establish
augur,make sure
augur,settle
augur,calculate
augur,determine
augur,insure
augur,prove
augur,warrant
authentic,apocryphal
authentic,counterfeit
authentic,exploded
authentic,false
authentic,spurious
authentic,baseless
authentic,disputed
authentic,fabulous
authentic,fictitious
authentic,unauthorized
auxiliary,antagonist
auxiliary,hinderer
auxiliary,opponent
auxiliary,opposer
avaricious,bountiful
avaricious,free
avaricious,generous
avaricious,liberal
avaricious,munificent
avaricious,prodigal
avaricious,wasteful
avow,contradict
avow,deny
avow,disavow
avow,disclaim
avow,disown
avow,ignore
avow,repudiate
awful,base
awful,contemptible
awful,inferior
awful,paltry
awful,beggarly
awful,despicable
awful,lowly
awful,undignified
awful,commonplace
awful,humble
awful,mean
awful,vulgar
awkward,adroit
awkward,clever
awkward,dexterous
awkward,handy
awkward,skilful
axiom,absurdity
axiom,contradiction
axiom,demonstration
axiom,nonsense
axiom,paradox
axiom,sophism
barbarous,civilized
barbarous,cultured
barbarous,elegant
barbarous,humane
barbarous,polite
barbarous,tender
barbarous,courtly
barbarous,delicate
barbarous,graceful
barbarous,nice
barbarous,refined
barbarous,urbane
barrier,admittance
barrier,opening
barrier,road
barrier,transit
barrier,entrance
barrier,passage
barrier,thoroughfare
barrier,way
battle,armistice
battle,concord
battle,peace
battle,suspension of hostilities
battle,truce
beat,fail
beat,fall
beat,get the worst of
beat,go down
beat,go under
beat,surrender
beat,Almost all antonyms in this class are passive
beat,and can be formed
beat,indefinitely from the conquering words by the use of the auxiliary _be_;
beat,as
beat,be beaten
beat,be defeated
beat,be conquered
beat,etc
beautiful,awkward
beautiful,frightful
beautiful,grotesque
beautiful,repulsive
beautiful,uncouth
beautiful,clumsy
beautiful,ghastly
beautiful,hideous
beautiful,shocking
beautiful,ungainly
beautiful,deformed
beautiful,grim
beautiful,horrid
beautiful,ugly
beautiful,unlovely
beautiful,disgusting
beautiful,grisly
beautiful,odious
beautiful,unattractive
beautiful,unpleasant
because,altho
because,however
because,nevertheless
because,notwithstanding
because,yet
because,Compare synonyms for BUT; NOTWITHSTANDING
becoming,awkward
becoming,ill-fitting
becoming,indecent
becoming,unbecoming
becoming,unseemly
becoming,ill-becoming
becoming,improper
becoming,indecorous
becoming,unfit
becoming,unsuitable
beginning,See synonyms for END
benevolence,barbarity
benevolence,greediness
benevolence,ill-will
benevolence,malignity
benevolence,self-seeking
benevolence,brutality
benevolence,harshness
benevolence,inhumanity
benevolence,niggardliness
benevolence,stinginess
benevolence,churlishness
benevolence,illiberality
benevolence,malevolence
benevolence,selfishness
benevolence,unkindness
bind,free
bind,loose
bind,set free
bind,unbind
bind,unfasten
bind,unloose
bind,untie
bitter,dulcet
bitter,honeyed
bitter,luscious
bitter,nectared
bitter,saccharine
bitter,sweet
bleach,blacken
bleach,color
bleach,darken
bleach,dye
bleach,soil
bleach,stain
bluff,bland
bluff,genial
bluff,polished
bluff,polite
bluff,refined
bluff,reserved
bluff,urbane
bluff,courteous
body,intellect
body,intelligence
body,mind
body,soul
body,spirit
both,each
both,either
both,every
both,neither
both,none
both,no one
both,not any
boundary,center
boundary,citadel
boundary,estate
boundary,inside
boundary,interior
boundary,land
boundary,region
boundary,territory
brave,afraid
brave,cringing
brave,fearful
brave,pusillanimous
brave,timid
brave,cowardly
brave,faint-hearted
brave,frightened
brave,shrinking
brave,timorous
break,attach
break,bind
break,fasten
break,join
break,mend
break,secure
break,solder
break,unite
break,weld
brutish,elevated
brutish,exalted
brutish,great
brutish,intellectual
brutish,noble
brutish,enlightened
brutish,grand
brutish,humane
brutish,intelligent
brutish,refined
burn,cool
burn,extinguish
burn,put out
burn,smother
burn,stifle
burn,subdue
call,be silent
call,be still
call,hark
call,hearken
call,hush
call,list
call,listen
calm,agitated
calm,excited
calm,frenzied
calm,passionate
calm,ruffled
calm,violent
calm,boisterous
calm,fierce
calm,furious
calm,raging
calm,stormy
calm,wild
calm,disturbed
calm,frantic
calm,heated
calm,roused
calm,turbulent
calm,wrathful
cancel,approve
cancel,enact
cancel,establish
cancel,perpetuate
cancel,reenact
cancel,uphold
cancel,confirm
cancel,enforce
cancel,maintain
cancel,record
cancel,sustain
cancel,write
candid,adroit
candid,cunning
candid,diplomatic
candid,intriguing
candid,sharp
candid,subtle
candid,artful
candid,deceitful
candid,foxy
candid,knowing
candid,shrewd
candid,tricky
candid,crafty
candid,designing
candid,insincere
candid,maneuvering
candid,sly
candid,wily
care,carelessness
care,inattention
care,negligence
care,oversight
care,remissness
care,disregard
care,indifference
care,omission
care,recklessness
care,slight
care,heedlessness
care,neglect
caress,See synonyms for AFFRONT
carry,drop
carry,fall under
carry,give up
carry,let go
carry,shake off
carry,throw down
carry,throw off
catastrophe,benefit
catastrophe,boon
catastrophe,favor
catastrophe,pleasure
catastrophe,prosperity
catastrophe,blessing
catastrophe,comfort
catastrophe,help
catastrophe,privilege
catastrophe,success
catch,fail of
catch,give up
catch,lose
catch,release
catch,throw aside
catch,fall short of
catch,let go
catch,miss
catch,restore
catch,throw away
cause,consequence
cause,development
cause,end
cause,fruit
cause,outcome
cause,product
cause,creation
cause,effect
cause,event
cause,issue
cause,outgrowth
cause,result
cease,begin
cease,inaugurate
cease,originate
cease,set going
cease,set on foot
cease,commence
cease,initiate
cease,set about
cease,set in operation
cease,start
cease,enter upon
cease,institute
celebrate,contemn
celebrate,dishonor
celebrate,forget
celebrate,neglect
celebrate,profane
celebrate,despise
celebrate,disregard
celebrate,ignore
celebrate,overlook
celebrate,violate
center,bound
center,boundary
center,circumference
center,perimeter
center,rim
chagrin,delight
chagrin,exultation
chagrin,glory
chagrin,rejoicing
chagrin,triumph
change,abide
change,continue
change,hold
change,persist
change,retain
change,bide
change,endure
change,keep
change,remain
change,stay
change,constancy
change,fixedness
change,invariability
change,steadiness
change,continuance
change,fixity
change,permanence
change,unchangeableness
change,firmness
change,identity
change,persistence
change,uniformity
cherish,See synonyms for ABANDON; CHASTEN
choose,cast away
choose,decline
choose,dismiss
choose,refuse
choose,repudiate
choose,cast out
choose,disclaim
choose,leave
choose,reject
choose,throw aside
circumlocution,brevity
circumlocution,compression
circumlocution,condensation
circumlocution,plainness
circumlocution,succinctness
circumlocution,compactness
circumlocution,conciseness
circumlocution,directness
circumlocution,shortness
circumlocution,terseness
cleanse,befoul
cleanse,bespatter
cleanse,debase
cleanse,deprave
cleanse,soil
cleanse,stain
cleanse,taint
cleanse,besmear
cleanse,contaminate
cleanse,defile
cleanse,pollute
cleanse,spoil
cleanse,sully
cleanse,vitiate
cleanse,besmirch
cleanse,corrupt
clear,ambiguous
clear,dim
clear,foggy
clear,mysterious
clear,opaque
clear,unintelligible
clear,cloudy
clear,dubious
clear,indistinct
clear,obscure
clear,turbid
clear,vague
clever,awkward
clever,clumsy
clever,foolish
clever,ignorant
clever,slow
clever,thick-headed
clever,bungling
clever,dull
clever,idiotic
clever,senseless
clever,stupid
clever,witless
collision,agreement
collision,coincidence
collision,concord
collision,conformity
collision,unison
collision,amity
collision,concert
collision,concurrence
collision,harmony
collision,unity
comfortable,cheerless
comfortable,discontented
comfortable,distressed
comfortable,forlorn
comfortable,uncomfortable
comfortable,disagreeable
comfortable,dissatisfied
comfortable,dreary
comfortable,miserable
comfortable,wretched
company,dispersion
company,loneliness
company,privacy
company,retirement
company,seclusion
company,solitude
compel,See synonyms for HINDER
complain,applaud
complain,approve
complain,commend
complain,eulogize
complain,laud
complain,praise
complex,clear
complex,homogeneous
complex,plain
complex,uncombined
complex,uniform
complex,direct
complex,obvious
complex,simple
complex,uncompounded
complex,unraveled
condemn,absolve
condemn,applaud
condemn,exonerate
condemn,pardon
condemn,acquit
condemn,approve
condemn,justify
condemn,praise
confess,cloak
confess,deny
confess,disown
confess,hide
confess,screen
confess,conceal
confess,disavow
confess,dissemble
confess,mask
confess,secrete
confess,cover
confess,disguise
confess,dissimulate
confess,repudiate
confess,veil
confirm,abrogate
confirm,cancel
confirm,overthrow
confirm,shatter
confirm,upset
confirm,annul
confirm,destroy
confirm,shake
confirm,unsettle
confirm,weaken
congratulate,condole with
congratulate,console
conquer,capitulate
conquer,fail
conquer,fly
conquer,lose
conquer,retire
conquer,submit
conquer,surrender
conquer,cede
conquer,fall
conquer,forfeit
conquer,resign
conquer,retreat
conquer,succumb
conquer,yield
conscious,cold
conscious,dead
conscious,deaf
conscious,ignorant
conscious,insensible
conscious,unaware
conscious,unconscious
console,annoy
console,distress
console,disturb
console,grieve
console,hurt
console,sadden
console,trouble
console,wound
convey,cling to
convey,hold
convey,keep
convey,possess
convey,preserve
convey,retain
convoke,adjourn
convoke,disband
convoke,dismiss
convoke,dissolve
convoke,scatter
convoke,break up
convoke,discharge
convoke,disperse
convoke,prorogue
convoke,separate
criminal,innocent
criminal,lawful
criminal,meritorious
criminal,right
criminal,just
criminal,legal
criminal,moral
criminal,virtuous
daily,nightly
daily,nocturnal
danger,defense
danger,immunity
danger,protection
danger,safeguard
danger,safety
danger,security
danger,shelter
dark,bright
dark,crystalline
dark,glowing
dark,lucid
dark,shining
dark,brilliant
dark,dazzling
dark,illumined
dark,luminous
dark,transparent
dark,clear
dark,gleaming
dark,light
dark,radiant
dark,white
dark,Compare synonyms for LIGHT
deception,candor
deception,frankness
deception,honesty
deception,simplicity
deception,truth
deception,fair dealing
deception,guilelessness
deception,openness
deception,sincerity
deception,veracity
defense,abandonment
defense,betrayal
defense,capitulation
defense,desertion
defense,flight
defense,surrender
defile,clean
defile,cleanse
defile,disinfect
defile,hallow
defile,purify
defile,sanctify
defile,wash
delicious,acrid
delicious,loathsome
delicious,nauseous
delicious,repulsive
delicious,unpalatable
delicious,unsavory
delicious,bitter
delightful,depressing
delightful,hateful
delightful,miserable
delightful,painful
delightful,woful
delightful,disappointing
delightful,horrible
delightful,mournful
delightful,saddening
delightful,wretched
delightful,distressing
delightful,melancholy
delusion,actuality
delusion,certainty
delusion,fact
delusion,reality
delusion,truth
delusion,verity
demolish,build
demolish,construct
demolish,create
demolish,make
demolish,repair
demolish,restore
desire,See synonyms for ANTIPATHY
despair,anticipation
despair,confidence
despair,encouragement
despair,expectation
despair,hopefulness
despair,assurance
despair,courage
despair,expectancy
despair,hope
despair,trust
despair,cheer
despair,elation
die,be born
die,come into being
die,flourish
die,rise again
die,begin
die,come to life
die,grow
die,rise from the dead
die,be immortal
die,exist
die,live
die,survive
difference,agreement
difference,harmony
difference,likeness
difference,sameness
difference,uniformity
difference,consonance
difference,identity
difference,resemblance
difference,similarity
difference,unity
difficult,easy
difficult,facile
difficult,light
difficult,pleasant
difficult,slight
difficult,trifling
difficult,trivial
discover,See synonyms for HIDE
disease,health
disease,robustness
disease,soundness
disease,strength
disease,sturdiness
disease,vigor
disparage,See synonyms for PRAISE
displace,adjust
displace,assort
displace,dispose
displace,order
displace,put in order
displace,set in order
displace,array
displace,classify
displace,group
displace,place
displace,put in place
displace,sort
do,baffle
do,defeat
do,fail
do,mar
do,miss
do,ruin
do,come short
do,destroy
do,frustrate
do,miscarry
do,neglect
do,spoil
docile,determined
docile,inflexible
docile,opinionated
docile,self-willed
docile,wilful
docile,dogged
docile,intractable
docile,resolute
docile,stubborn
docile,unyielding
docile,firm
docile,obstinate
doubt,believe
doubt,depend on
doubt,depend upon
doubt,rely on
doubt,rely upon
doubt,trust
doubt,confide in
doubt,assurance
doubt,certainty
doubt,conviction
doubt,determination
doubt,resolution
doubt,belief
doubt,confidence
doubt,decision
doubt,persuasion
doubt,resolve
draw,alienate
draw,estrange
draw,rebuff
draw,reject
draw,repel
draw,repulse
draw,See synonyms for DRIVE
dream,certainty
dream,fact
dream,reality
dream,realization
dream,substance
dream,verity
dress,bareness
dress,dishabille
dress,exposure
dress,nakedness
dress,nudity
dress,undress
dress,disarray
drive,See synonyms for DRAW
duplicate,archetype
duplicate,model
duplicate,original
duplicate,pattern
duplicate,prototype
eager,apathetic
eager,cool
eager,indifferent
eager,regardless
eager,unconcerned
eager,calm
eager,dispassionate
eager,negligent
eager,stolid
eager,uninterested
eager,careless
eager,frigid
eager,phlegmatic
eager,stony
eager,unmindful
eager,cold
eager,heedless
eager,purposeless
eager,stupid
eager,unmoved
ease,annoyance
ease,difficulty
ease,irritation
ease,trouble
ease,vexation
ease,awkwardness
ease,discomfort
ease,perplexity
ease,uneasiness
ease,worry
ease,constraint
ease,disquiet
education,ignorance
education,illiteracy
education,Compare synonyms for IGNORANT
effrontery,bashfulness
effrontery,diffidence
effrontery,sensitiveness
effrontery,shyness
effrontery,coyness
effrontery,modesty
effrontery,shrinking
effrontery,timidity
egotism,bashfulness
egotism,humility
egotism,self-forgetfulness
egotism,unobtrusiveness
egotism,deference
egotism,modesty
egotism,shyness
egotism,unostentatiousness
egotism,diffidence
egotism,self-distrust
end,See synonyms for BEGIN
end,See synonyms for BEGINNING
endeavor,abandon
endeavor,give up
endeavor,omit
endeavor,throw away
endeavor,dismiss
endeavor,let go
endeavor,overlook
endeavor,throw over
endeavor,drop
endeavor,neglect
endeavor,pass by
endeavor,throw up
endure,break
endure,despair
endure,fail
endure,fall
endure,give out
endure,sink
endure,surrender
endure,break down
endure,droop
endure,faint
endure,falter
endure,give up
endure,succumb
endure,yield
enemy,abettor
enemy,accessory
enemy,accomplice
enemy,ally
enemy,friend
enemy,helper
enemy,supporter
enmity,agreement
enmity,amity
enmity,friendship
enmity,kindliness
enmity,regard
enmity,alliance
enmity,concord
enmity,harmony
enmity,kindness
enmity,sympathy
entertain,annoy
entertain,bore
entertain,busy
entertain,disquiet
entertain,distract
entertain,disturb
entertain,tire
entertain,weary
entertainment,ennui
entertainment,fatigue
entertainment,labor
entertainment,lassitude
entertainment,toil
entertainment,weariness
entertainment,work
enthusiasm,calculation
enthusiasm,caution
enthusiasm,deadness
enthusiasm,indifference
enthusiasm,policy
enthusiasm,timidity
enthusiasm,calmness
enthusiasm,coldness
enthusiasm,dulness
enthusiasm,lukewarmness
enthusiasm,prudence
enthusiasm,wariness
entrance,departure
entrance,ejection
entrance,exit
entrance,refusal
entrance,withdrawal
entrance,egress
entrance,exclusion
entrance,expulsion
entrance,rejection
envious,contented
envious,friendly
envious,kindly
envious,satisfied
envious,trustful
envious,well-disposed
equivocal,certain
equivocal,evident
equivocal,lucid
equivocal,perspicuous
equivocal,unequivocal
equivocal,clear
equivocal,indisputable
equivocal,manifest
equivocal,plain
equivocal,unquestionable
equivocal,distinct
equivocal,indubitable
equivocal,obvious
equivocal,unambiguous
equivocal,unquestioned
esteem,abhorrence
esteem,aversion
esteem,dislike
esteem,loathing
esteem,antipathy
esteem,contempt
esteem,hatred
esteem,repugnance
evident,concealed
evident,impalpable
evident,latent
evident,secret
evident,unknown
evident,covert
evident,impenetrable
evident,obscure
evident,undiscovered
evident,unseen
evident,dark
evident,imperceptible
evident,occult
evident,unimagined
evident,unthought-of
evident,hidden
evident,invisible
excess,dearth
excess,destitution
excess,frugality
excess,lack
excess,scantiness
excess,defect
excess,economy
excess,inadequacy
excess,need
excess,shortcoming
excess,deficiency
excess,failure
excess,insufficiency
excess,poverty
excess,want
exercise,idleness
exercise,inaction
exercise,inactivity
exercise,relaxation
exercise,rest
expense,gain
expense,proceeds
expense,profit
expense,receipt
expense,return
expense,income
expense,product
expense,profits
expense,receipts
expense,returns
explicit,ambiguous
explicit,implicit
explicit,indefinite
explicit,uncertain
explicit,doubtful
explicit,implied
explicit,indeterminate
explicit,vague
extemporaneous,elaborated
extemporaneous,premeditated
extemporaneous,prepared
extemporaneous,read
extemporaneous,recited
extemporaneous,studied
extemporaneous,written
exterminate,augment
exterminate,build up
exterminate,develop
exterminate,increase
exterminate,populate
exterminate,replenish
exterminate,beget
exterminate,cherish
exterminate,foster
exterminate,plant
exterminate,propagate
exterminate,settle
exterminate,breed
exterminate,colonize
faint,bright
faint,clear
faint,daring
faint,fresh
faint,resolute
faint,sturdy
faint,brilliant
faint,conspicuous
faint,energetic
faint,hearty
faint,strong
faint,vigorous
faith,denial
faith,dissent
faith,doubt
faith,infidelity
faith,rejection
faith,suspicion
faith,disbelief
faith,distrust
faith,incredulity
faith,misgiving
faith,skepticism
faith,unbelief
faithful,capricious
faithful,false
faithful,unfaithful
faithful,untrustworthy
faithful,faithless
faithful,fickle
faithful,untrue
faithful,wavering
fame,contempt
fame,discredit
fame,dishonor
fame,humiliation
fame,infamy
fame,obscurity
fame,contumely
fame,disgrace
fame,disrepute
fame,ignominy
fame,oblivion
fame,shame
fanaticism,cynicism
fanaticism,free-thinking
fanaticism,indifference
fanaticism,latitudinarianism
fanciful,accurate
fanciful,commonplace
fanciful,prosaic
fanciful,regular
fanciful,sound
fanciful,calculable
fanciful,literal
fanciful,real
fanciful,sensible
fanciful,sure
fanciful,calculated
fanciful,ordinary
fanciful,reasonable
fanciful,solid
fanciful,true
fancy,actuality
fancy,certainty
fancy,fact
fancy,reality
fancy,truth
fancy,verity
fear,See synonyms for FORTITUDE
feminine,See synonyms for MASCULINE
fiction,certainty
fiction,fact
fiction,history
fiction,literalness
fiction,reality
fiction,truth
fiction,verity
fierce,affectionate
fierce,gentle
fierce,kind
fierce,patient
fierce,submissive
fierce,tame
fierce,docile
fierce,harmless
fierce,mild
fierce,peaceful
fierce,sweet
fierce,tender
fine,big
fine,clumsy
fine,great
fine,huge
fine,large
fine,stout
fine,blunt
fine,coarse
fine,heavy
fine,immense
fine,rude
fine,thick
fluctuate,abide
fluctuate,adhere
fluctuate,hold fast
fluctuate,persist
fluctuate,stand fast
fluctuate,stay
fluctuate,stick
formidable,contemptible
formidable,feeble
formidable,harmless
formidable,helpless
formidable,powerless
formidable,weak
formidable,despicable
fortunate,broken
fortunate,fallen
fortunate,miserable
fortunate,unhappy
fortunate,woful
fortunate,crushed
fortunate,ill-starred
fortunate,unfortunate
fortunate,unlucky
fortunate,wretched
fraud,fairness
fraud,good faith
fraud,honesty
fraud,integrity
fraud,truth
fraud,uprightness
friendly,adverse
friendly,belligerent
friendly,distant
friendly,ill-disposed
friendly,unfriendly
friendly,alienated
friendly,cold
friendly,estranged
friendly,indifferent
friendly,unkind
friendly,antagonistic
friendly,contentious
friendly,frigid
friendly,inimical
friendly,warlike
friendly,bellicose
friendly,disaffected
friendly,hostile
friendship,See synonyms for BATTLE; ENMITY; FEUD; HATRED
frugality,abundance
frugality,bounty
frugality,liberality
frugality,opulence
frugality,waste
frugality,affluence
frugality,extravagance
frugality,luxury
frugality,riches
frugality,wealth
garrulous,laconic
garrulous,reserved
garrulous,reticent
garrulous,silent
garrulous,speechless
garrulous,taciturn
general,exceptional
general,infrequent
general,rare
general,singular
general,uncommon
general,unknown
general,unusual
generous,avaricious
generous,greedy
generous,mean
generous,niggardly
generous,penurious
generous,rapacious
generous,close
generous,ignoble
generous,miserly
generous,parsimonious
generous,petty
generous,stingy
generous,covetous
generous,illiberal
genius,dulness
genius,folly
genius,imbecility
genius,obtuseness
genius,senselessness
genius,stupidity
get,See synonyms for ABANDON
gift,compensation
gift,earnings
gift,guerdon
gift,penalty
gift,remuneration
gift,wages
govern,be in subjection
govern,be subject
govern,comply
govern,obey
govern,submit
govern,yield
graceful,See synonyms for AWKWARD
grief,See synonyms for HAPPINESS
happiness,See synonyms for GRIEF
happy,Compare synonyms for GRIEF
harmony,antagonism
harmony,contest
harmony,discord
harmony,hostility
harmony,schism
harmony,battle
harmony,controversy
harmony,disproportion
harmony,incongruity
harmony,separation
harmony,conflict
harmony,difference
harmony,dissension
harmony,inconsistency
harmony,variance
harmony,contention
harmony,disagreement
harmony,disunion
harmony,opposition
harmony,warfare
hatred,See synonyms for FRIENDSHIP; LOVE
hazard,assurance
hazard,necessity
hazard,protection
hazard,safety
hazard,surety
hazard,certainty
hazard,plan
hazard,safeguard
hazard,security
healthy,delicate
healthy,failing
healthy,ill
healthy,unsound
healthy,worn
healthy,diseased
healthy,fainting
healthy,sick
healthy,wasted
healthy,worn down
healthy,emaciated
healthy,fragile
healthy,unhealthy
healthy,weak
healthy,worn out
healthy,exhausted
healthy,frail
help,counteract
help,discourage
help,oppose
help,resist
help,thwart
help,withstand
heterogeneous,alike
heterogeneous,homogeneous
heterogeneous,identical
heterogeneous,like
heterogeneous,pure
heterogeneous,same
heterogeneous,similar
heterogeneous,uniform
hide,admit
hide,disclose
hide,exhume
hide,manifest
hide,show
hide,advertise
hide,discover
hide,expose
hide,promulgate
hide,tell
hide,avow
hide,disinter
hide,lay bare
hide,publish
hide,uncover
hide,betray
hide,divulge
hide,lay open
hide,raise
hide,unmask
hide,confess
hide,exhibit
hide,make known
hide,reveal
hide,unveil
high,base
high,degraded
high,dwarfed
high,inferior
high,low
high,mean
high,short
high,stunted
high,deep
high,depressed
hinder,See synonyms for QUICKEN
history,See synonyms for FICTION
holy,abominable
holy,cursed
holy,polluted
holy,unconsecrated
holy,unholy
holy,wicked
holy,common
holy,impure
holy,secular
holy,unhallowed
holy,unsanctified
holy,worldly
honest,deceitful
honest,faithless
honest,hypocritical
honest,perfidious
honest,unfaithful
honest,dishonest
honest,false
honest,lying
honest,traitorous
honest,unscrupulous
honest,disingenuous
honest,fraudulent
honest,mendacious
honest,treacherous
honest,untrue
horizontal,broken
horizontal,inclined
horizontal,rolling
horizontal,rugged
horizontal,sloping
horizontal,hilly
horizontal,irregular
horizontal,rough
horizontal,slanting
horizontal,uneven
humane,See synonyms for BARBAROUS
hypocrisy,candor
hypocrisy,genuineness
hypocrisy,ingenuousness
hypocrisy,sincerity
hypocrisy,truth
hypocrisy,frankness
hypocrisy,honesty
hypocrisy,openness
hypocrisy,transparency
hypocrisy,truthfulness
hypocrite,The antonyms of _hypocrite_ are to be found only in phrases embodying
hypocrite,the adjectives candid
hypocrite,honest
hypocrite,ingenuous
hypocrite,sincere
hypocrite,true
hypocrite,etc
hypothesis,certainty
hypothesis,demonstration
hypothesis,discovery
hypothesis,evidence
hypothesis,fact
hypothesis,proof
idea,actuality
idea,fact
idea,reality
idea,substance
ideal,accomplishment
ideal,action
ideal,doing
ideal,fact
ideal,practise
ideal,achievement
ideal,attainment
ideal,embodiment
ideal,incarnation
ideal,reality
ideal,act
ideal,development
ideal,execution
ideal,performance
ideal,realization
idiocy,acuteness
idiocy,brilliancy
idiocy,common sense
idiocy,sagacity
idiocy,soundness
idiocy,astuteness
idiocy,capacity
idiocy,intelligence
idiocy,sense
idiocy,wisdom
idle,active
idle,busy
idle,diligent
idle,employed
idle,industrious
idle,occupied
idle,working
ignorant,educated
ignorant,learned
ignorant,sage
ignorant,skilled
ignorant,trained
ignorant,well-informed
ignorant,wise
ignorant,instructed
immediately,after a while
immediately,by and by
immediately,hereafter
immediately,in the future
immediately,some time
imminent,chimerical
imminent,doubtful
imminent,problematical
imminent,unexpected
imminent,unlikely
imminent,contingent
imminent,improbable
impediment,advantage
impediment,aid
impediment,assistance
impediment,benefit
impediment,help
impediment,relief
impediment,succor
impudence,bashfulness
impudence,diffidence
impudence,lowliness
impudence,modesty
impudence,coyness
impudence,humility
impudence,meekness
impudence,submissiveness
incongruous,accordant
incongruous,agreeing
incongruous,compatible
incongruous,consistent
incongruous,harmonious
incongruous,suitable
industrious,See synonyms for IDLE
industry,changeableness
industry,idleness
industry,inconstancy
industry,neglect
industry,remissness
industry,fickleness
industry,inattention
industry,indolence
industry,negligence
industry,sloth
infinite,bounded
infinite,finite
infinite,measurable
infinite,restricted
infinite,small
infinite,brief
infinite,limited
infinite,moderate
infinite,shallow
infinite,transient
infinite,circumscribed
infinite,little
infinite,narrow
infinite,short
infinite,transitory
infinite,evanescent
influence,deter
influence,dissuade
influence,impede
influence,prevent
influence,restrain
influence,retard
influence,discourage
influence,hinder
influence,inhibit
inherent,accidental
inherent,extrinsic
inherent,outward
inherent,superficial
inherent,supplemental
inherent,casual
inherent,fortuitous
inherent,subsidiary
inherent,superfluous
inherent,transient
inherent,external
inherent,incidental
inherent,superadded
inherent,superimposed
inherent,unconnected
injury,advantage
injury,benefit
injury,boon
injury,improvement
injury,service
injury,amelioration
injury,blessing
injury,help
injury,remedy
injury,utility
injustice,equity
injustice,faithfulness
injustice,impartiality
injustice,lawfulness
injustice,righteousness
injustice,fairness
injustice,honesty
injustice,integrity
injustice,rectitude
injustice,uprightness
injustice,fair play
injustice,honor
injustice,justice
injustice,right
innocent,Compare synonyms for CRIMINAL
inquisitive,apathetic
inquisitive,heedless
inquisitive,indifferent
inquisitive,unconcerned
inquisitive,uninterested
inquisitive,careless
inquisitive,inattentive
insanity,clearness
insanity,good sense
insanity,lucidity
insanity,rationality
insanity,sanity
interpose,avoid
interpose,keep aloof
interpose,keep out
interpose,retire
interpose,stand back
interpose,hold aloof
interpose,keep away
interpose,let alone
interpose,stand aside
interpose,stand off
interpose,hold off
interpose,keep clear
interpose,let be
interpose,stand away
interpose,withdraw
involve,disconnect
involve,distinguish
involve,explicate
involve,extricate
involve,remove
involve,separate
involve,disentangle
justice,dishonesty
justice,inequity
justice,partiality
justice,unlawfulness
justice,untruth
justice,favoritism
justice,injustice
justice,unfairness
justice,unreasonableness
justice,wrong
knowledge,ignorance
knowledge,inexperience
knowledge,misconception
knowledge,rudeness
knowledge,illiteracy
knowledge,misapprehension
knowledge,misunderstanding
knowledge,unfamiliarity
large,brief
large,limited
large,minute
large,scanty
large,small
large,diminutive
large,little
large,narrow
large,short
large,tiny
large,inconsiderable
large,mean
large,paltry
large,slender
large,trifling
large,infinitesimal
large,microscopic
large,petty
large,slight
large,trivial
large,insignificant
liberty,captivity
liberty,imprisonment
liberty,oppression
liberty,slavery
liberty,compulsion
liberty,necessity
liberty,serfdom
liberty,superstition
liberty,constraint
liberty,obligation
liberty,servitude
liberty,thraldom
light,blackness
light,darkness
light,dusk
light,gloominess
light,shade
light,dark
light,dimness
light,gloom
light,obscurity
light,shadow
likely,doubtful
likely,improbable
likely,questionable
likely,unreasonable
likely,dubious
likely,incredible
likely,unlikely
listen,be deaf to
listen,ignore
listen,neglect
listen,scorn
listen,slight
love,See synonyms for ANTIPATHY; ENMITY; HATRED
make,See synonyms for ABOLISH; BREAK; DEMOLISH
marriage,bachelorhood
marriage,celibacy
marriage,divorce
marriage,maidenhood
marriage,virginity
marriage,widowhood
masculine,See synonyms for FEMININE
meddlesome,modest
meddlesome,reserved
meddlesome,retiring
meddlesome,shy
meddlesome,unassuming
meddlesome,unobtrusive
memory,forgetfulness
memory,oblivion
memory,obliviousness
memory,oversight
memory,unconsciousness
mercy,cruelty
mercy,implacability
mercy,punishment
mercy,rigor
mercy,sternness
mercy,hardness
mercy,justice
mercy,revenge
mercy,severity
mercy,vengeance
mercy,harshness
mercy,penalty
mind,body
mind,brawn
mind,brute force
mind,material substance
mind,matter
minute,See synonyms for LARGE
misfortune,blessing
misfortune,consolation
misfortune,gratification
misfortune,pleasure
misfortune,success
misfortune,boon
misfortune,good fortune
misfortune,happiness
misfortune,prosperity
misfortune,triumph
misfortune,comfort
misfortune,good luck
misfortune,joy
misfortune,relief
modesty,abandon
modesty,confidence
modesty,haughtiness
modesty,pertness
modesty,arrogance
modesty,egotism
modesty,impudence
modesty,sauciness
modesty,assumption
modesty,forwardness
modesty,indiscretion
modesty,self-conceit
modesty,assurance
modesty,frankness
modesty,loquaciousness
modesty,self-sufficiency
modesty,boldness
modesty,freedom
modesty,loquacity
modesty,sociability
modesty,conceit
morose,amiable
morose,complaisant
morose,gentle
morose,kind
morose,pleasant
morose,benignant
morose,friendly
morose,good-natured
morose,loving
morose,sympathetic
morose,bland
morose,genial
morose,indulgent
morose,mild
morose,tender
motion,immobility
motion,quiescence
motion,quiet
motion,repose
motion,rest
motion,stillness
mourn,be joyful
mourn,exult
mourn,joy
mourn,make merry
mourn,rejoice
mourn,triumph
mutual,detached
mutual,distinct
mutual,separated
mutual,unconnected
mutual,unrequited
mutual,disconnected
mutual,disunited
mutual,severed
mutual,unreciprocated
mutual,unshared
mutual,dissociated
mutual,separate
mutual,sundered
mysterious,See synonyms for CLEAR
native,acquired
native,alien
native,artificial
native,assumed
native,foreign
native,unnatural
neat,dirty
neat,negligent
neat,slouchy
neat,uncared for
neat,disorderly
neat,rough
neat,slovenly
neat,unkempt
neat,dowdy
neat,rude
neat,soiled
neat,untidy
necessary,casual
necessary,needless
necessary,optional
necessary,useless
necessary,contingent
necessary,non-essential
necessary,unnecessary
necessary,worthless
necessity,choice
necessity,doubt
necessity,dubiousness
necessity,freedom
necessity,possibility
necessity,contingency
necessity,doubtfulness
necessity,fortuity
necessity,option
necessity,uncertainty
neglect,See synonyms for CARE
new,See synonyms for OLD
nimble,clumsy
nimble,dull
nimble,heavy
nimble,inactive
nimble,inert
nimble,slow
nimble,sluggish
nimble,unready
nimble,dilatory
normal,abnormal
normal,irregular
normal,peculiar
normal,singular
normal,unprecedented
normal,exceptional
normal,monstrous
normal,rare
normal,uncommon
normal,unusual
oath,benediction
oath,benison
oath,blessing
obscure,See synonyms for CLEAR
obsolete,See synonyms for NEW
obstinate,amenable
obstinate,dutiful
obstinate,pliable
obstinate,tractable
obstinate,complaisant
obstinate,gentle
obstinate,pliant
obstinate,undecided
obstinate,compliant
obstinate,irresolute
obstinate,submissive
obstinate,wavering
obstinate,docile
obstinate,obedient
obstinate,teachable
obstinate,yielding
obstruct,accelerate
obstruct,aid
obstruct,facilitate
obstruct,free
obstruct,open
obstruct,promote
obstruct,advance
obstruct,clear
obstruct,forward
obstruct,further
obstruct,pave the way for
old,Compare synonyms for NEW; YOUTHFUL
operation,failure
operation,ineffectiveness
operation,inutility
operation,powerlessness
operation,uselessness
operation,inaction
operation,inefficiency
order,allowance
order,consent
order,leave
order,liberty
order,license
order,permission
order,permit
ostentation,diffidence
ostentation,quietness
ostentation,retirement
ostentation,timidity
ostentation,modesty
ostentation,reserve
ostentation,shrinking
ostentation,unobtrusiveness
pain,comfort
pain,delight
pain,ease
pain,enjoyment
pain,peace
pain,rapture
pain,relief
pain,solace
pardon,castigate
pardon,chastise
pardon,convict
pardon,doom
pardon,recompense
pardon,sentence
pardon,chasten
pardon,condemn
pardon,correct
pardon,punish
pardon,scourge
pardon,visit
pardon,penalty
pardon,punishment
pardon,retaliation
pardon,retribution
pardon,vengeance
particle,aggregate
particle,entirety
particle,mass
particle,quantity
particle,sum
particle,sum total
particle,total
particle,whole
patience,See synonyms for ANGER
perceive,fail of
perceive,ignore
perceive,lose
perceive,misapprehend
perceive,misconceive
perceive,miss
perceive,overlook
perfect,bad
perfect,defective
perfect,imperfect
perfect,meager
perfect,scant
perfect,blemished
perfect,deficient
perfect,incomplete
perfect,perverted
perfect,short
perfect,corrupt
perfect,deformed
perfect,inferior
perfect,poor
perfect,spoiled
perfect,corrupted
perfect,fallible
perfect,insufficient
perfect,ruined
perfect,worthless
perfect,defaced
perfect,faulty
perfect,marred
permanent,See synonyms for TRANSIENT
permission,denial
permission,objection
permission,prevention
permission,refusal
permission,resistance
permission,hindrance
permission,opposition
permission,prohibition
pernicious,advantageous
pernicious,favorable
pernicious,helpful
pernicious,profitable
pernicious,serviceable
pernicious,beneficent
pernicious,good
pernicious,invigorating
pernicious,rejuvenating
pernicious,useful
pernicious,beneficial
pernicious,healthful
pernicious,life-giving
pernicious,salutary
pernicious,wholesome
persuade,deter
persuade,discourage
persuade,dissuade
persuade,hinder
persuade,hold back
persuade,repel
persuade,restrain
pertness,bashfulness
pertness,demureness
pertness,diffidence
pertness,humility
pertness,modesty
pertness,shyness
perverse,accommodating
perverse,complaisant
perverse,genial
perverse,kind
perverse,amenable
perverse,compliant
perverse,governable
perverse,obliging
physical,hyperphysical
physical,intangible
physical,invisible
physical,moral
physical,unreal
physical,immaterial
physical,intellectual
physical,mental
physical,spiritual
physical,unsubstantial
pique,approval
pique,contentment
pique,gratification
pique,pleasure
pique,satisfaction
pique,complacency
pique,delight
pitiful,august
pitiful,dignified
pitiful,grand
pitiful,lofty
pitiful,sublime
pitiful,beneficent
pitiful,exalted
pitiful,great
pitiful,mighty
pitiful,superb
pitiful,commanding
pitiful,glorious
pitiful,helpful
pitiful,noble
pitiful,superior
pity,barbarity
pity,ferocity
pity,harshness
pity,pitilessness
pity,severity
pity,brutality
pity,hard-heartedness
pity,inhumanity
pity,rigor
pity,sternness
pity,cruelty
pity,hardness
pity,mercilessness
pity,ruthlessness
pity,truculence
plant,eradicate
plant,extirpate
plant,root up
plant,uproot
plant,weed out
pleasant,arrogant
pleasant,displeasing
pleasant,glum
pleasant,ill-humored
pleasant,repelling
pleasant,austere
pleasant,dreary
pleasant,grim
pleasant,ill-natured
pleasant,repulsive
pleasant,crabbed
pleasant,forbidding
pleasant,harsh
pleasant,offensive
pleasant,unkind
pleasant,disagreeable
pleasant,gloomy
pleasant,hateful
pleasant,repellent
pleasant,unpleasant
plentiful,deficient
plentiful,inadequate
plentiful,narrow
plentiful,scanty
plentiful,small
plentiful,drained
plentiful,insufficient
plentiful,niggardly
plentiful,scarce
plentiful,sparing
plentiful,exhausted
plentiful,mean
plentiful,poor
plentiful,scrimped
plentiful,stingy
plentiful,impoverished
plentiful,miserly
plentiful,scant
plentiful,short
plentiful,straitened
poetry,prosaic speech
poetry,prosaic writing
poetry,prose
polite,awkward
polite,clownish
polite,ill-mannered
polite,insulting
polite,uncouth
polite,bluff
polite,coarse
polite,impertinent
polite,raw
polite,unmannerly
polite,blunt
polite,discourteous
polite,impolite
polite,rude
polite,unpolished
polite,boorish
polite,ill-behaved
polite,impudent
polite,rustic
polite,untaught
polite,brusk
polite,ill-bred
polite,insolent
polite,uncivil
polite,untutored
power,awkwardness
power,helplessness
power,inability
power,incompetence
power,stupidity
power,dulness
power,imbecility
power,inaptitude
power,inefficiency
power,unskilfulness
power,feebleness
power,impotence
power,incapacity
power,maladroitness
power,weakness
praise,abuse
praise,contempt
praise,hissing
praise,repudiation
praise,animadversion
praise,denunciation
praise,ignominy
praise,scorn
praise,blame
praise,disapprobation
praise,obloquy
praise,slander
praise,censure
praise,disapproval
praise,reproach
praise,vilification
praise,condemnation
praise,disparagement
praise,reproof
praise,vituperation
precarious,actual
precarious,immutable
precarious,real
precarious,steady
precarious,undeniable
precarious,assured
precarious,incontestable
precarious,settled
precarious,strong
precarious,undoubted
precarious,certain
precarious,infallible
precarious,stable
precarious,sure
precarious,unquestionable
precarious,firm
predestination,accident
predestination,choice
predestination,freedom
predestination,independence
predestination,chance
predestination,free agency
predestination,free will
predestination,uncertainty
prejudice,certainty
prejudice,conviction
prejudice,evidence
prejudice,reason
prejudice,conclusion
prejudice,demonstration
prejudice,proof
prejudice,reasoning
pretense,actuality
pretense,frankness
pretense,ingenuousness
pretense,reality
pretense,sincerity
pretense,candor
pretense,guilelessness
pretense,openness
pretense,simplicity
pretense,truth
pretense,fact
pretense,honesty
previous,after
previous,consequent
previous,hind
previous,hindmost
previous,latter
previous,subsequent
previous,concluding
previous,following
previous,hinder
previous,later
previous,posterior
previous,succeeding
pride,humility
pride,meekness
pride,modesty
pride,self-abasement
pride,self-distrust
pride,lowliness
primeval,adventitious
primeval,foreign
primeval,late
primeval,new
primeval,recent
primeval,exotic
primeval,fresh
primeval,modern
primeval,novel
primeval,Compare synonyms for NEW
profit,damage
profit,detriment
profit,harm
profit,injury
profit,ruin
profit,destruction
profit,disadvantage
profit,hurt
profit,loss
profit,waste
progress,check
progress,delay
progress,falling off
progress,retrogression
progress,stop
progress,decline
progress,falling back
progress,relapse
progress,stay
progress,stoppage
prohibit,allow
prohibit,empower
prohibit,let
prohibit,require
prohibit,authorize
prohibit,enjoin
prohibit,license
prohibit,sanction
prohibit,command
prohibit,give consent
prohibit,order
prohibit,suffer
prohibit,consent to
prohibit,give leave
prohibit,permit
prohibit,tolerate
prohibit,direct
prohibit,give permission
prohibit,put up with
prohibit,warrant
promote,See synonyms for ABASE; ALLAY
propitiation,alienation
propitiation,curse
propitiation,penalty
propitiation,reprobation
propitiation,vengeance
propitiation,chastisement
propitiation,estrangement
propitiation,punishment
propitiation,retribution
propitiation,wrath
propitiation,condemnation
propitiation,offense
propitious,adverse
propitious,forbidding
propitious,ill-disposed
propitious,repellent
propitious,unfriendly
propitious,antagonistic
propitious,hostile
propitious,inauspicious
propitious,unfavorable
propitious,unpropitious
proposal,acceptance
proposal,denial
proposal,disapproval
proposal,refusal
proposal,rejection
proposal,repulse
protract,abbreviate
protract,conclude
protract,curtail
protract,hurry
protract,reduce
protract,abridge
protract,contract
protract,hasten
protract,limit
protract,shorten
prowess,cowardice
prowess,cowardliness
prowess,effeminacy
prowess,fear
prowess,pusillanimity
prowess,timidity
prudence,folly
prudence,imprudence
prudence,rashness
prudence,thoughtlessness
prudence,heedlessness
prudence,indiscretion
prudence,recklessness
prudence,wastefulness
prudence,improvidence
prudence,prodigality
purchase,barter
purchase,dispose of
purchase,exchange
purchase,put to sale
purchase,sell
pure,adulterated
pure,foul
pure,indecent
pure,obscene
pure,tainted
pure,defiled
pure,gross
pure,indelicate
pure,polluted
pure,tarnished
pure,dirty
pure,immodest
pure,lewd
pure,stained
pure,unchaste
pure,filthy
pure,impure
pure,mixed
pure,sullied
pure,unclean
queer,common
queer,familiar
queer,normal
queer,regular
queer,customary
queer,natural
queer,ordinary
queer,usual
quicken,check
quicken,clog
quicken,delay
quicken,drag
quicken,hinder
quicken,impede
quicken,obstruct
quicken,retard
racy,cold
racy,flat
racy,insipid
racy,stale
racy,tasteless
racy,dull
racy,flavorless
racy,prosy
racy,stupid
racy,vapid
radical,conservative
radical,incomplete
radical,palliative
radical,slight
radical,tentative
radical,inadequate
radical,moderate
radical,partial
radical,superficial
radical,trial
rare,See synonyms for GENERAL; NORMAL; USUAL
reach,depart
reach,go
reach,go away
reach,leave
reach,set out
reach,set sail
reach,start
reach,weigh anchor
reach,embark
real,conceived
real,feigned
real,illusory
real,supposed
real,unreal
real,fabulous
real,fictitious
real,imaginary
real,supposititious
real,untrue
real,fanciful
real,hypothetical
real,reported
real,theoretical
real,visionary
rebellious,compliant
rebellious,docile
rebellious,manageable
rebellious,subservient
rebellious,controllable
rebellious,dutiful
rebellious,obedient
rebellious,tractable
rebellious,deferential
rebellious,gentle
rebellious,submissive
rebellious,yielding
recover,die
recover,fail
recover,grow worse
recover,relapse
recover,sink
refinement,barbarism
refinement,brutality
refinement,coarseness
refinement,rudeness
refinement,savagery
refinement,boorishness
refinement,clownishness
refinement,grossness
refinement,rusticity
refinement,vulgarity
religion,atheism
religion,godlessness
religion,irreligion
religion,sacrilege
religion,ungodliness
religion,blasphemy
religion,impiety
religion,profanity
religion,unbelief
religion,wickedness
reluctant,desirous
reluctant,disposed
reluctant,eager
reluctant,favorable
reluctant,inclined
reluctant,willing
rend,heal
rend,mend
rend,reunite
rend,secure
rend,sew
rend,solder
rend,stitch
rend,unite
rend,weld
rend,join
renounce,acknowledge
renounce,assert
renounce,cherish
renounce,defend
renounce,maintain
renounce,proclaim
renounce,uphold
renounce,advocate
renounce,avow
renounce,claim
renounce,hold
renounce,own
renounce,retain
renounce,vindicate
repentance,approval
repentance,content
repentance,obduracy
repentance,self-complacency
repentance,comfort
repentance,hardness
repentance,obstinacy
repentance,self-congratulation
repentance,complacency
repentance,impenitence
repentance,self-approval
repentance,stubbornness
reproof,applause
reproof,approval
reproof,encomium
reproof,eulogy
reproof,panegyric
reproof,praise
reproof,approbation
reproof,commendation
reprove,abet
reprove,approve
reprove,countenance
reprove,impel
reprove,instigate
reprove,applaud
reprove,cheer
reprove,encourage
reprove,incite
reprove,urge on
requite,absolve
requite,excuse
requite,forgive
requite,overlook
requite,pass over
requite,acquit
requite,forget
requite,neglect
requite,pardon
requite,slight
rest,agitation
rest,disturbance
rest,movement
rest,stir
rest,tumult
rest,commotion
rest,excitement
rest,restlessness
rest,strain
rest,unrest
rest,disquiet
rest,motion
rest,rush
rest,toil
rest,work
restive,docile
restive,manageable
restive,passive
restive,quiet
restive,tractable
restive,gentle
restive,obedient
restive,peaceable
restive,submissive
restive,yielding
restrain,aid
restrain,arouse
restrain,encourage
restrain,free
restrain,incite
restrain,release
restrain,animate
restrain,emancipate
restrain,excite
restrain,impel
restrain,let loose
restrain,set free
retirement,association
retirement,companionship
retirement,company
retirement,converse
retirement,fellowship
retirement,society
revelation,cloud
revelation,concealment
revelation,mystery
revelation,shrouding
revelation,cloudiness
revelation,hiding
revelation,obscuration
revelation,veiling
revenge,compassion
revenge,forgiveness
revenge,mercy
revenge,pardon
revenge,pity
revenge,reconciliation
revenge,excuse
revenge,grace
revolution,authority
revolution,domination
revolution,government
revolution,obedience
revolution,sovereignty
revolution,command
revolution,dominion
revolution,law
revolution,order
revolution,submission
revolution,control
revolution,empire
revolution,loyalty
revolution,rule
revolution,supremacy
revolve,bind
revolve,chafe
revolve,grind
revolve,slide
revolve,slip
revolve,stand
revolve,stick
riddle,answer
riddle,axiom
riddle,explanation
riddle,proposition
riddle,solution
rise,decline
rise,descend
rise,drop
rise,fall
rise,go down
rise,set
rise,settle
rise,sink
royal,beggarly
royal,contemptible
royal,mean
royal,poor
royal,servile
royal,slavish
royal,vile
rustic,accomplished
rustic,cultured
rustic,polished
rustic,refined
rustic,urbane
rustic,city-like
rustic,elegant
rustic,polite
rustic,urban
rustic,well-bred
sagacious,absurd
sagacious,futile
sagacious,obtuse
sagacious,silly
sagacious,sottish
sagacious,undiscerning
sagacious,dull
sagacious,ignorant
sagacious,senseless
sagacious,simple
sagacious,stupid
sagacious,unintelligent
sagacious,foolish
sagacious,irrational
sample,abnormality
sample,aggregate
sample,exception
sample,monstrosity
sample,total
sample,whole
satisfy,check
satisfy,disappoint
satisfy,restrain
satisfy,starve
satisfy,straiten
satisfy,deny
satisfy,refuse
satisfy,restrict
satisfy,stint
satisfy,tantalize
scholar,dunce
scholar,fool
scholar,idiot
scholar,idler
scholar,ignoramus
scholar,illiterate person
self-abnegation,self-gratification
self-abnegation,selfishness
self-abnegation,self-seeking
self-abnegation,self-will
self-abnegation,self-indulgence
send,bring
send,convey
send,give
send,hold
send,receive
send,carry
send,get
send,hand
send,keep
send,retain
sensibility,coldness
sensibility,hardness
sensibility,insensibility
sensibility,numbness
sensibility,unconsciousness
sensibility,deadness
severe,affable
severe,easy
severe,gentle
severe,lenient
severe,pliable
severe,sweet
severe,tractable
severe,bland
severe,genial
severe,indulgent
severe,mild
severe,soft
severe,tender
severe,yielding
shelter,betray
shelter,expel
shelter,expose
shelter,give up
shelter,refuse
shelter,reject
shelter,surrender
shelter,cast out
sin,blamelessness
sin,goodness
sin,integrity
sin,rectitude
sin,sinlessness
sin,excellence
sin,holiness
sin,morality
sin,right
sin,uprightness
sin,godliness
sin,innocence
sin,purity
sin,righteousness
sin,virtue
sin,Compare synonyms for VIRTUE
skeptic,believer
skeptic,Christian
skilful,awkward
skilful,clumsy
skilful,inexpert
skilful,shiftless
skilful,unskilled
skilful,untrained
skilful,bungling
skilful,helpless
skilful,maladroit
skilful,unhandy
skilful,untaught
slander,defend
slander,eulogize
slander,extol
slander,laud
slander,praise
slander,vindicate
slow,See synonyms for NIMBLE
speech,hush
speech,silence
speech,speechlessness
speech,stillness
speech,taciturnity
state,contradict
state,controvert
state,disprove
state,gainsay
state,refute
state,retract
state,contravene
state,deny
state,dispute
state,oppose
state,repudiate
state,waive
steep,easy
steep,flat
steep,gentle
steep,gradual
steep,horizontal
steep,level
steep,low
steep,slight
storm,calm
storm,fair weather
storm,hush
storm,peace
storm,serenity
storm,stillness
storm,tranquillity
story,annals
story,biography
story,chronicle
story,history
story,memoir
stupidity,acuteness
stupidity,brilliancy
stupidity,keenness
stupidity,sagacity
stupidity,alertness
stupidity,cleverness
stupidity,quickness
stupidity,sense
stupidity,animation
stupidity,intelligence
stupidity,readiness
stupidity,sensibility
subvert,conserve
subvert,keep
subvert,perpetuate
subvert,preserve
subvert,sustain
subvert,uphold
succeed,be defeated
succeed,come short
succeed,fail
succeed,fall short
succeed,lose
succeed,miss
succeed,miscarry
supernatural,common
supernatural,commonplace
supernatural,everyday
supernatural,natural
supernatural,ordinary
supernatural,usual
support,abandon
support,break down
support,demolish
support,destroy
support,let go
support,throw down
support,betray
support,cast down
support,desert
support,drop
support,overthrow
support,wreck
suppose,ascertain
suppose,be sure
suppose,conclude
suppose,discover
suppose,know
suppose,prove
system,chaos
system,derangement
system,disarrangement
system,disorder
system,irregularity
system,confusion
taciturn,communicative
taciturn,free
taciturn,garrulous
taciturn,loquacious
taciturn,talkative
taciturn,unreserved
tasteful,clumsy
tasteful,displeasing
tasteful,grotesque
tasteful,inartistic
tasteful,rough
tasteful,coarse
tasteful,distasteful
tasteful,harsh
tasteful,inharmonious
tasteful,rude
tasteful,deformed
tasteful,fulsome
tasteful,hideous
tasteful,meretricious
tasteful,rugged
tasteful,disgusting
tasteful,gaudy
tasteful,horrid
tasteful,offensive
tasteful,tawdry
temerity,care
temerity,circumspection
temerity,cowardice
temerity,hesitation
temerity,timidity
temerity,wariness
temerity,caution
terse,diffuse
terse,lengthy
terse,long
terse,prolix
terse,tedious
terse,verbose
terse,wordy
tire,invigorate
tire,refresh
tire,relax
tire,relieve
tire,repose
tire,rest
tire,restore
tire,recreate
transient,abiding
transient,eternal
transient,immortal
transient,lasting
transient,perpetual
transient,undying
transient,enduring
transient,everlasting
transient,imperishable
transient,permanent
transient,persistent
transient,unfading
union,analysis
union,disconnection
union,disunion
union,divorce
union,separation
union,contrariety
union,disjunction
union,division
union,schism
union,severance
union,decomposition
union,dissociation
usual,exceptional
usual,infrequent
usual,rare
usual,strange
usual,unparalleled
usual,extraordinary
usual,out-of-the-way
usual,singular
usual,uncommon
usual,unusual
utility,disadvantage
utility,futility
utility,inadequacy
utility,inutility
utility,uselessness
utility,folly
utility,impolicy
utility,inexpediency
utility,unprofitableness
utility,worthlessness
vacant,brimful
vacant,busy
vacant,filled
vacant,inhabited
vacant,overflowing
vacant,brimmed
vacant,crammed
vacant,full
vacant,jammed
vacant,packed
vacant,brimming
vacant,crowded
vacant,gorged
vacant,occupied
vacant,replete
vain,adequate
vain,effective
vain,powerful
vain,solid
vain,useful
vain,advantageous
vain,efficient
vain,profitable
vain,sound
vain,valid
vain,beneficial
vain,expedient
vain,real
vain,substantial
vain,valuable
vain,competent
vain,potent
vain,serviceable
vain,sufficient
vain,worthy
vain,Compare synonyms for UTILITY
venal,disinterested
venal,honest
venal,incorruptible
venal,public-spirited
venal,generous
venal,honorable
venal,patriotic
venal,unpurchasable
venerate,contemn
venerate,detest
venerate,dishonor
venerate,scoff at
venerate,slight
venerate,despise
venerate,disdain
venerate,disregard
venerate,scorn
venerate,spurn
veneration,contempt
veneration,disdain
veneration,dishonor
veneration,disregard
veneration,scorn
venial,inexcusable
venial,inexpiable
venial,mortal
venial,unpardonable
venial,unjustifiable
veracity,deceit
veracity,duplicity
veracity,falsehood
veracity,fiction
veracity,lie
veracity,deception
veracity,error
veracity,falseness
veracity,guile
veracity,mendacity
veracity,delusion
veracity,fabrication
veracity,falsity
veracity,imposture
veracity,untruth
veracity,Compare synonyms for DECEPTION
victory,defeat
victory,disappointment
victory,failure
victory,miscarriage
victory,retreat
victory,destruction
victory,disaster
victory,frustration
victory,overthrow
victory,rout
vigilant,careless
vigilant,heedless
vigilant,inconsiderate
vigilant,oblivious
vigilant,drowsy
vigilant,inattentive
vigilant,neglectful
vigilant,thoughtless
vigilant,dull
vigilant,incautious
vigilant,negligent
vigilant,unwary
virtue,evil
virtue,vice
virtue,viciousness
virtue,wickedness
virtue,wrong
virtue,Compare synonyms for SIN
wisdom,absurdity
wisdom,folly
wisdom,imbecility
wisdom,miscalculation
wisdom,senselessness
wisdom,error
wisdom,foolishness
wisdom,imprudence
wisdom,misjudgment
wisdom,silliness
wisdom,fatuity
wisdom,idiocy
wisdom,indiscretion
wisdom,nonsense
wisdom,stupidity
wisdom,Compare synonyms for ABSURD; IDIOCY
wit,dulness
wit,seriousness
wit,sobriety
wit,solemnity
wit,stolidity
wit,stupidity
wit,gravity
work,ease
work,leisure
work,recreation
work,relaxation
work,repose
work,rest
work,vacation
work,idleness
youthful,Compare synonyms for OLD
